{
  "id": "5388ac31-7915-4ba6-a021-0f8808dd5784",
  "alias": "SPCanvasToolbox",
  "componentType": "Library",
  "version": "0.0.1",
  "manifestVersion": 2,
  "loaderConfig": {
    "entryModuleId": "sp-toolbox",
    "internalModuleBaseUrls": [
      "https://localhost:4321/"
    ],
    "scriptResources": {
      "sp-toolbox": {
        "type": "localizedPath",
        "defaultPath": "dist/sp-toolbox_en-us.js"
      },
      "@ms/sp-telemetry": {
        "type": "component",
        "version": "0.8.16",
        "id": "8217e442-8ed3-41fd-957d-b112e841286a"
      },
      "@microsoft/office-ui-fabric-react-bundle": {
        "type": "component",
        "version": "1.10.0",
        "id": "02a01e42-69ab-403d-8a16-acd128661f8e"
      },
      "@microsoft/sp-lodash-subset": {
        "type": "component",
        "version": "1.10.0",
        "id": "73e1dc6c-8441-42cc-ad47-4bd3659f8a3a"
      },
      "@microsoft/sp-core-library": {
        "type": "component",
        "version": "1.10.0",
        "id": "7263c7d0-1d6a-45ec-8d85-d4d1d234171b"
      },
      "react": {
        "type": "component",
        "version": "16.8.5",
        "id": "0d910c1c-13b9-4e1c-9aa4-b008c5e42d7d",
        "failoverPath": "node_modules/react/dist/react.js"
      },
      "react-dom": {
        "type": "component",
        "version": "16.8.5",
        "id": "aa0a46ec-1505-43cd-a44a-93f3a5aa460a",
        "failoverPath": "node_modules/react-dom/dist/react-dom.js"
      },
      "@microsoft/load-themed-styles": {
        "type": "component",
        "version": "0.1.2",
        "id": "229b8d08-79f3-438b-8c21-4613fc877abd"
      },
      "@microsoft/sp-diagnostics": {
        "type": "component",
        "version": "1.10.0",
        "id": "78359e4b-07c2-43c6-8d0b-d060b4d577e8"
      },
      "@ms/odsp-utilities-bundle": {
        "type": "component",
        "version": "5.1.55",
        "id": "cc2cc925-b5be-41bb-880a-f0f8030c6aff"
      }
    }
  },
  "isInternal": true
}