{
  "id": "8494e7d7-6b99-47b2-a741-59873e42f16f",
  "alias": "SPComponentUtilities",
  "componentType": "Library",
  "version": "4.0.11",
  "manifestVersion": 2,
  "loaderConfig": {
    "entryModuleId": "sp-component-utilities",
    "internalModuleBaseUrls": [
      "https://localhost:4321/"
    ],
    "scriptResources": {
      "sp-component-utilities": {
        "type": "localizedPath",
        "defaultPath": "dist/sp-component-utilities_en-us.js"
      },
      "@ms/sp-telemetry": {
        "type": "component",
        "version": "0.8.16",
        "id": "8217e442-8ed3-41fd-957d-b112e841286a"
      },
      "@microsoft/office-ui-fabric-react-bundle": {
        "type": "component",
        "version": "1.10.0",
        "id": "02a01e42-69ab-403d-8a16-acd128661f8e"
      },
      "@microsoft/sp-lodash-subset": {
        "type": "component",
        "version": "1.10.0",
        "id": "73e1dc6c-8441-42cc-ad47-4bd3659f8a3a"
      },
      "@microsoft/sp-core-library": {
        "type": "component",
        "version": "1.10.0",
        "id": "7263c7d0-1d6a-45ec-8d85-d4d1d234171b"
      },
      "@microsoft/sp-page-context": {
        "type": "component",
        "version": "1.10.0",
        "id": "1c4541f7-5c31-41aa-9fa8-fbc9dc14c0a8"
      },
      "@ms/i18n-utilities": {
        "type": "component",
        "version": "0.1.16",
        "id": "c83d5509-ccd5-4c67-919f-2440f237927a"
      },
      "react": {
        "type": "component",
        "version": "16.8.5",
        "id": "0d910c1c-13b9-4e1c-9aa4-b008c5e42d7d",
        "failoverPath": "node_modules/react/dist/react.js"
      },
      "react-dom": {
        "type": "component",
        "version": "16.8.5",
        "id": "aa0a46ec-1505-43cd-a44a-93f3a5aa460a",
        "failoverPath": "node_modules/react-dom/dist/react-dom.js"
      },
      "@ms/uifabric-styling-bundle": {
        "type": "component",
        "version": "0.1.0",
        "id": "17ce0976-e69a-4355-be84-89b69a74717d"
      },
      "@microsoft/load-themed-styles": {
        "type": "component",
        "version": "0.1.2",
        "id": "229b8d08-79f3-438b-8c21-4613fc877abd"
      },
      "@microsoft/sp-diagnostics": {
        "type": "component",
        "version": "1.10.0",
        "id": "78359e4b-07c2-43c6-8d0b-d060b4d577e8"
      },
      "@microsoft/sp-http": {
        "type": "component",
        "version": "1.10.0",
        "id": "c07208f0-ea3b-4c1a-9965-ac1b825211a6"
      },
      "@ms/odsp-utilities-bundle": {
        "type": "component",
        "version": "5.1.55",
        "id": "cc2cc925-b5be-41bb-880a-f0f8030c6aff"
      },
      "@ms/sp-a11y": {
        "type": "component",
        "version": "0.2.16",
        "id": "05ed6956-59ad-4aa6-9e4e-b832c96ae87b"
      }
    }
  },
  "isInternal": true
}