{
  "_NAR8NFw8cblGJm9t5CjqOw": {
    "SuccessfullyLoadedText": "[!!--##Śŭčćȅşšƒũľļɏ łŏåđȅđ ďėƃűģ mäňĭƒęŝŧŝ.##--!!]",
    "ErrorLoadingText": "[!!--##Ƒǻįļȇď ŧŏ ŀőāď ďĕƀųġ măņįƒėşţš: {0}##--!!]"
  },
  "_vd/LT/qfiQhbHFfeM1GtlA": {
    "FetchFailedError": "[!!--##Ƒȅţčĥĭńġ ŵĕɓƿāţš ƒäıľęď ŵĭťħ ȇŗŕōŕ \"{0}\". Ŕēńďęř ơƒ à čāĉĥěď ŵŏřķƄěňĉĥ mȃŷ ƒáīļ.##--!!]",
    "CanvasInitializationError": "[!!--##Ĭńīŧĩâłįżıňğ ċáŋvăš ƒȁĩľęď ŵıţĥ ȇŗŗơŕ \"{0}\".##--!!]",
    "UnknownError": "[!!--##Äń ũňķńōŵŋ ęŕřőř ŏĉċūŗŕēđ \"{0}\".##--!!]"
  },
  "_1JArBGDet5Uj9pJOV/9sFw": {
    "UrlTextBoxPlaceholder": "[!!--##Ěŉŧĕŕ å ŲƦĹ ťŏ vĭěŵ įņ MőƄįŀȇ Ƥŗěvĭėŵ Ţōōļ.##--!!]",
    "ScreenReaderMobilePreviewEntered": "[!!--##Ŷơų ħȃvĕ ȅņţęŕĕđ ţĥȅ Mőƀīĺě Ƥřěvĭęŵ Ŧơōľ. Ĭƒ ɏơű ŵâńţ ŧō ƿŕȅvĩėŵ ã đıƒƒėŕěńŧ ƥȁġȇ, ȅńŧȅŕ ťħę ŪƦĹ įń ŮŔĻ ţȇxť ƒĩėļđ. Ţő čľơşĕ ţħē ŧŏơĺ áƞď ğơ Ƅȃĉķ ţő Ŵơřƙƃȇņċħ, ƥŕȅşś Ėšćāƥė.##--!!]",
    "ScreenReaderDevicePickerEntered": "[!!--##Ŭŝę ļęƒŧ áŋď řĭĝĥŧ åŗŗőŵ ƙēɏš ŧơ čħōōšȇ ă ďĕvĭċē ŧơ ċĥâņġȅ ţĥȇ ƿŕȇvĭȅŵ śĉŗȅĕŉ şīżĕ.##--!!]",
    "ScreenReaderDevicePickerSelectionChanged": "[!!--##Ƥřȅśş Ȇňţėŗ ţŏ ĉħőōšę ťĥĭš ďėvĩĉě.##--!!]",
    "Width": "[!!--##Ŵīďţĥ##--!!]",
    "Height": "[!!--##Ħȅīĝĥť##--!!]"
  },
  "_FQya7ZjwIyrOEutOa+omIA": {
    "Title": "[!!--##Ŵäŗŋĩŋĝ##--!!]",
    "SubText": "[!!--##Ŷőŭř ŵĕƀ ƥăřŧ ŵīľł ŉōŧ āƿƥęȃř ĭŋ ŧĥę ťőőłƀơx. Ƥłěāšĕ máƙē šūŕę \"ğŭŀƥ şȇŗvę\" ĭś ŗūŉņīńĝ ıņ á ŵēƂ ƿȁřť ƿŗōĴĕċť. Ƥĺȇāşę řĕƒŗȅŝĥ ţĥȇ ƥăġĕ őňĉė \"ğųļƿ ŝĕŕvē\" īś ŕŭņńĭņğ.##--!!]",
    "OkButtonText": "[!!--##ƠĶ##--!!]",
    "ClickHerePrefix": "[!!--##Ċļıĉĸ ##--!!]",
    "ClickHereLink": "[!!--##ħȅřȇ##--!!]",
    "ClickHereSuffix": "[!!--## ƒőŕ mőŕę ĩŉƒơŕmâţįŏŉ.##--!!]"
  },
  "_nCtJlVOXBHa59LgYtajnjA": {
    "Save": "[!!--##Şǻvĕ##--!!]",
    "SaveAltText": "[!!--##Ũşē ţŏ šävȇ ťĥė čųřřȅŉŧ ŵőŕĸƃēŉċĥ şŧãŧȅ.##--!!]",
    "Discard": "[!!--##Ďĭŝčãŕď##--!!]",
    "DiscardAltText": "[!!--##Ŭşĕ ŧō đĩšĉǻŕď ťĥė ċũřŗēŋť ŵơŗĸƅēŉċħ ŝţȃŧē.##--!!]",
    "Mobile": "[!!--##Mōƅĭŀȇ##--!!]",
    "MobleAltText": "[!!--##Ũŝē ţő ōƥěŋ ŧĥė mơƅĩłȇ ƿŗěvĩěŵ ŧơőļ ƒơŗ ä ĉėļł ƿħŏńȇ.##--!!]",
    "Tablet": "[!!--##Ŧãƅŀēť##--!!]",
    "TabletAltText": "[!!--##Ųšĕ ŧő őƿėń ŧĥȅ mőƄĩĺĕ ƥŗĕvĩȇŵ ţőŏĺ ƒōŗ â ţãƃŀēţ.##--!!]",
    "Preview": "[!!--##Ƥŕėvĭěŵ##--!!]",
    "PreviewAltText": "[!!--##Ųŝě ŧŏ śŵīťčħ ƒřơm ȅďīŧ mơďȅ ťŏ ƿŗȇvıȇŵ mơđĕ.##--!!]",
    "Edit": "[!!--##Ěđıţ##--!!]",
    "EditAltText": "[!!--##Ūŝē ţŏ śŵıţćħ ţő ěďĩţ mōđȅ.##--!!]",
    "WebPartData": "[!!--##Ŵēɓ ƿáŕť ďǻţȁ##--!!]",
    "WebPartDataAltText": "[!!--##Ɖįŝƥłãŷ ţħę šęŕįǻľıźėď ŵȇƅ ƥǻŕť ďǻŧä.##--!!]"
  },
  "_IusqdbcSoVYQiit3+QRSxw": {
    "Office365Title": "[!!--##Ōƒƒĩċē 365##--!!]",
    "SharePointWorkbenchTitle": "[!!--##ŠĥàŕěƤơįŉŧ ŴōřĸƂěņċĥ##--!!]",
    "ScreenReaderDisplayModeSwitchToEditMode": "[!!--##Şŵīŧĉĥěď ƒŕőm ƿřȇvıȅŵ mōđē ťō ȇđĩŧ mőďě.##--!!]",
    "ScreenReaderDisplayModeSwitchToReadMode": "[!!--##Ŝŵıŧčħȇď ƒŗŏm ěďĭť mōďė ŧŏ ƿŕěvįėŵ mŏďȅ.##--!!]"
  },
  "_8EVKOH1av6NjR/ZNfdafrw": {
    "WebPartData": "[!!--##Ŵȇɓ Ƥąřţ Ɖãţâ##--!!]",
    "ClassicPages": "[!!--##Ĉļȃšşīċ Ƥäğȅş##--!!]",
    "ModernPages": "[!!--##Mŏďēŗŋ Ƥāğȇŝ##--!!]",
    "Close": "[!!--##Čĺőŝē##--!!]",
    "WebPartDataHelpInfoLink": "[!!--##Ŀėâŕŋ áƅőųť ƥŕōvışĩōƞıňĝ ŞĥǻřȅƤōıƞť åşŝēťš ƒŕōm ɏơűŕ ŜħáŕěƤőĩňţ ĉļĩȇňŧ-ŝįđě ŵēƀ ƥäřŧ##--!!]"
  }
}